epoch,learning_rate,kl_weight,epoch_seconds,loss,recon_loss,kl_loss,val_loss,val_recon_loss,val_kl_loss
1,0.001,0.0,9.60357141494751,0.17727943551209238,0.17727943551209238,43.018806881374786,0.14232759922742844,0.14232759922742844,4.5183398723602295
2,0.001,0.005,7.885595083236694,0.1533203406466378,0.044705730138553515,21.72292227215237,0.06014171242713928,0.04531954042613506,2.964434504508972
