{
  "valid": 1.0,
  "unique@1000": 0.969,
  "unique@10000": 0.9108855047941342,
  "FCD/Test": 6.234244538350453,
  "SNN/Test": 0.6113670480012625,
  "Frag/Test": 0.9118884564067554,
  "Scaf/Test": 0.4207752806039615,
  "FCD/TestSF": 6.625938829353515,
  "SNN/TestSF": 0.55712418759518,
  "Frag/TestSF": 0.9085379417843087,
  "Scaf/TestSF": 0.014811553850295645,
  "IntDiv": 0.8552179841364103,
  "IntDiv2": 0.845421452994049,
  "Filters": 0.973209249858996,
  "logP": 0.12653544081802742,
  "SA": 0.17440677841665664,
  "QED": 0.03279893683466252,
  "weight": 11.120248220626184,
  "Novelty": 0.6414860681114551
}